{"cameraMode":{"drawMode":0,"name":"Shaded","section":"Shading Mode"},"sceneLighting":true,"audioPlay":false,"sceneViewState":{"m_AlwaysRefresh":false,"showFog":true,"showSkybox":false,"showFlares":true,"showImageEffects":true,"showParticleSystems":true,"showVisualEffectGraphs":true,"m_FxEnabled":true},"in2DMode":false,"pivot":{"x":-4.310905456542969,"y":3.5541279315948488,"z":2.0063974857330324},"rotation":{"x":0.053125206381082538,"y":-0.9430140256881714,"z":0.18419618904590608,"w":0.2719813287258148},"size":6.907663822174072,"orthographic":false}